<?xml version="1.0" encoding="UTF-8"?>
<beans xmlns="http://www.springframework.org/schema/beans"
       xmlns:xsi="http://www.w3.org/2001/XMLSchema-instance"
       xmlns:context="http://www.springframework.org/schema/context"
       xmlns:aop="http://www.springframework.org/schema/aop"
       xmlns:tx="http://www.springframework.org/schema/tx"
       xsi:schemaLocation="http://www.springframework.org/schema/beans
       http://www.springframework.org/schema/beans/spring-beans.xsd
       http://www.springframework.org/schema/context
       http://www.springframework.org/schema/context/spring-context.xsd
       http://www.springframework.org/schema/aop
       http://www.springframework.org/schema/aop/spring-aop.xsd
       http://www.springframework.org/schema/tx
       http://www.springframework.org/schema/tx/spring-tx.xsd">
    <!-- 一：   开启注解扫描，希望处理service和dao,controller不需要Spring框架去处理-->
    <context:component-scan base-package="cn.itcast">
        <!--        配置哪些注解不扫描-->
        <context:exclude-filter type="annotation" expression="org.springframework.stereotype.Controller"/>
    </context:component-scan>

    <!--二：    Spring整合Mybatis框架（有了以下配置后SqlMapConfig.xml（只在单纯的Mybatis测试时用了一下）就可以删掉了）-->
    <!--    配置连接池-->
    <bean id="dataSource" class="com.mchange.v2.c3p0.ComboPooledDataSource">
        <property name="driverClass" value="com.mysql.jdbc.Driver"/>
        <property name="jdbcUrl" value="jdbc:mysql:///fruit"/>
        <property name="user" value="root"/>
        <property name="password" value="123456"/>
    </bean>

    <!--    配置SqlSessionFactory工厂-->
    <bean id="sessionFactory" class="org.mybatis.spring.SqlSessionFactoryBean">
        <property name="dataSource" ref="dataSource"/>
<!--        传入PageHelper的插件-->
        <property name="plugins">
            <array>
<!--                传入插件的对象-->
                <bean class="com.github.pagehelper.PageInterceptor">
                    <property name="properties">
                        <props>
                            <prop key="helperDialect">mysql</prop>
                            <prop key="reasonable">true</prop>
                        </props>
                    </property>
                </bean>
            </array>
        </property>
    </bean>

    <!--    配置AccountDao接口所在的包-->
    <bean id="mapperScanner" class="org.mybatis.spring.mapper.MapperScannerConfigurer">
        <property name="basePackage" value="cn.itcast.dao"></property>
    </bean>



    <!--    配置Spring框架声明式事务管理-->
    <bean id="transactionManager" class="org.springframework.jdbc.datasource.DataSourceTransactionManager">
        <property name="dataSource" ref="dataSource"></property>
    </bean>
    <!--    配置事务通知-->
    <tx:advice id="txAdvice" transaction-manager="transactionManager">
        <tx:attributes>
            <tx:method name="find*" read-only="true"/>
            <tx:method name="*" isolation="DEFAULT"/>
        </tx:attributes>
    </tx:advice>

    <!--    配置AOP增强(对service中的方法进行了事务管理（增、删、改)-->
    <aop:config>
        <aop:advisor advice-ref="txAdvice"
                     pointcut="execution(* cn.itcast.service.impl.*ServiceImpl.*(..))"/>
    </aop:config>
</beans>