<?xml version="1.0" encoding="UTF-8"?>
<!DOCTYPE configuration
        PUBLIC "-//mybatis.org//DTD Config 3.0//EN"
        "http://mybatis.org/dtd/mybatis-3-config.dtd">
<!--mybatis的主配置文件-->
<configuration>


    <typeAliases>
        <!--		<typeAlias type="cn.hwadee.pojo.User" alias="User"/>-->
        <package name="com.itheima.domain"/>
        <!--		使用包扫描时，别名自动为"user"-->
    </typeAliases>

    <!--    配置环境-->
    <environments default="mysql">
        <!--        配置mysql的环境-->
        <environment id="mysql">
            <transactionManager type="JDBC"></transactionManager>
            <!--            配置数据源（连接池）-->
            <dataSource type="POOLED">
                <!--                配置连接数据库的四个基本信息-->
                <property name="driver" value="com.mysql.jdbc.Driver"/>
                <property name="url" value="jdbc:mysql:///fruit"/>
                <property name="username" value="root"/>
                <property name="password" value="wslb1711"/>
            </dataSource>
        </environment>
    </environments>

    <!--    指定映射配置文件的位置上，映射配置文件指的是每个dao独立的配置文件-->
    <mappers>
        <!--<mapper resource="com/itheima/dao/UserDaoMapper.xml"/>-->
        <!--        package标签是用于指定dao接口所在的包，当指定了之后就不需要再写mapper以及resource或者class了-->
        <!--        接口的名字要和映射文件的名字一样才能使用该标签，否则扫描不到映射文件-->
        <package name="cn.itcast.dao"/>
    </mappers>
</configuration>