<?xml version="1.0" encoding="UTF-8"?>
<!DOCTYPE mapper
        PUBLIC "-//mybatis.org//DTD Mapper 3.0//EN"
        "http://mybatis.org/dtd/mybatis-3-mapper.dtd">
<mapper namespace="cn.itcast.dao.RetailerDao">
    <select id="findAllRetailer" parameterType="java.util.Map" resultType="cn.itcast.domain.Retailer">
        select * from retailer
        <where>
            <if test="name != null">
                and name like '%${name}%'
            </if>
            <if test="telephone != null">
                and telephone like '%${telephone}%'
            </if>
            <if test="address != null">
                and address like '%${address}%'
            </if>
            <if test="status != null">
                and status like '%${status}%'
            </if>
            <if test="startTime != null">
                <![CDATA[ and createtime >= DATE_FORMAT(#{startTime},'%Y-%m-%d %H:%i:%s')]]>
            </if>
            <if test="endTime != null">
                <![CDATA[ and createtime <= DATE_FORMAT(#{endTime},'%Y-%m-%d %H:%i:%s')]]>
            </if>
        </where>
    </select>

    <insert id="addRetailer" parameterType="cn.itcast.domain.Retailer">
        INSERT INTO retailer(name, telephone,address,status,createtime) VALUES
        (#{name},#{telephone},#{address},#{status},#{createtime});
    </insert>

    <update id="updateRetailer" parameterType="cn.itcast.domain.Retailer">
        update retailer set name=#{name},telephone=#{telephone},address=#{address},status=#{status}
        where retailerid=#{retailerid}
    </update>

    <delete id="delRetailer" parameterType="java.lang.Integer">
        delete from retailer where retailerid=#{retailerid}
    </delete>

</mapper>